-- --------------------------------------------------------
-- Host:                         127.0.0.1
-- Server version:               10.4.32-MariaDB - mariadb.org binary distribution
-- Server OS:                    Win64
-- HeidiSQL Version:             12.8.0.6908
-- --------------------------------------------------------

/*!40101 SET @OLD_CHARACTER_SET_CLIENT=@@CHARACTER_SET_CLIENT */;
/*!40101 SET NAMES utf8 */;
/*!50503 SET NAMES utf8mb4 */;
/*!40103 SET @OLD_TIME_ZONE=@@TIME_ZONE */;
/*!40103 SET TIME_ZONE='+00:00' */;
/*!40014 SET @OLD_FOREIGN_KEY_CHECKS=@@FOREIGN_KEY_CHECKS, FOREIGN_KEY_CHECKS=0 */;
/*!40101 SET @OLD_SQL_MODE=@@SQL_MODE, SQL_MODE='NO_AUTO_VALUE_ON_ZERO' */;
/*!40111 SET @OLD_SQL_NOTES=@@SQL_NOTES, SQL_NOTES=0 */;

-- Dumping data for table project_web.products: ~80 rows (approximately)
INSERT INTO `products` (`id`, `name`, `quantity`, `addedDate`, `idCategory`, `area`, `description`, `selling`, `idTechnical`, `idPrice`, `image`) VALUES
(1, 'Nút áo gỗ tròn', 120, '2024-12-01', 3, 0, 'Nút áo gỗ tròn cổ điển, phù hợp cho áo sơ mi và áo vest', 1, 1, 1, NULL),
(2, 'Nút áo nhựa bền', 200, '2024-12-02', 3, 0, 'Nút áo làm từ nhựa siêu bền, chống vỡ, phù hợp cho quần jeans', 1, 2, 2, NULL),
(3, 'Nút áo kim loại nhỏ', 180, '2024-12-03', 3, 0, 'Nút áo kim loại kích thước nhỏ, phong cách tối giản', 1, 3, 3, NULL),
(4, 'Nút áo gỗ chạm khắc', 90, '2024-12-04', 3, 0, 'Nút áo gỗ với họa tiết chạm khắc thủ công, thiết kế độc đáo', 1, 4, 4, NULL),
(5, 'Nút áo nhựa mịn', 300, '2024-12-05', 3, 0, 'Nút áo nhựa với bề mặt mịn, lý tưởng cho áo thun và váy', 1, 5, 5, NULL),
(6, 'Nút áo vải', 250, '2024-12-06', 3, 0, 'Nút áo làm từ vải mềm, nhẹ, phù hợp cho trang phục mùa hè', 1, 6, 6, NULL),
(7, 'Nút áo kim loại to', 140, '2024-12-07', 3, 0, 'Nút áo kim loại kích thước lớn, thích hợp cho áo khoác', 1, 7, 7, NULL),
(8, 'Nút áo gỗ tự nhiên', 170, '2024-12-08', 3, 0, 'Nút áo gỗ tự nhiên không xử lý hóa chất, thân thiện môi trường', 1, 8, 8, NULL),
(9, 'Nút áo nhựa trong suốt', 130, '2024-12-09', 3, 0, 'Nút áo nhựa trong suốt, mang lại vẻ ngoài tinh tế', 1, 9, 9, NULL),
(10, 'Nút áo kim loại họa tiết', 100, '2024-12-10', 3, 0, 'Nút áo kim loại có họa tiết tinh xảo, phong cách vintage', 1, 10, 10, NULL),
(11, 'Nút áo nam châm', 75, '2024-12-11', 3, 0, 'Nút áo sử dụng nam châm thay cho khuy cài truyền thống', 1, 11, 11, NULL),
(12, 'Nút áo gỗ ép', 220, '2024-12-12', 3, 0, 'Nút áo làm từ gỗ ép, giá thành phải chăng, bền', 1, 12, 12, NULL),
(13, 'Nút áo nhựa siêu nhẹ', 270, '2024-12-13', 3, 0, 'Nút áo nhựa siêu nhẹ, không gây nặng áo khi sử dụng', 1, 13, 13, NULL),
(14, 'Nút áo vải thêu tay', 80, '2024-12-14', 3, 0, 'Nút áo vải với họa tiết thêu tay tinh tế, độc nhất vô nhị', 1, 14, 14, NULL),
(15, 'Nút áo gỗ ghép họa tiết', 110, '2024-12-15', 3, 0, 'Nút áo gỗ ghép nhiều lớp, tạo họa tiết đặc biệt', 1, 15, 15, NULL),
(16, 'Nút áo kim loại chống gỉ', 200, '2024-12-16', 3, 0, 'Nút áo kim loại với lớp phủ chống gỉ, độ bền cao', 1, 16, 16, NULL),
(17, 'Nút áo nhựa tái chế', 250, '2024-12-17', 3, 0, 'Nút áo làm từ nhựa tái chế, bảo vệ môi trường', 1, 17, 17, NULL),
(18, 'Nút áo gỗ sơn bóng', 180, '2024-12-18', 3, 0, 'Nút áo gỗ được sơn bóng, mang lại vẻ ngoài cao cấp', 1, 18, 18, NULL),
(19, 'Nút áo kim loại đính đá', 60, '2024-12-19', 3, 0, 'Nút áo kim loại đính đá lấp lánh, dành cho trang phục sang trọng', 1, 19, 19, NULL),
(20, 'Nút áo từ sừng tự nhiên', 40, '2024-12-20', 3, 0, 'Nút áo làm từ sừng tự nhiên, phong cách độc đáo và quý phái', 1, 20, 20, NULL),
(21, 'Nút áo nhựa chịu lực', 120, '2024-12-15', 3, 0, 'Chất liệu nhựa siêu bền, chịu lực tốt, phù hợp cho áo khoác', 1, 21, 21, NULL),
(22, 'Nút áo sừng tự nhiên', 80, '2024-12-16', 3, 0, 'Nút áo được làm từ sừng tự nhiên, thiết kế tinh xảo', 1, 22, 22, NULL),
(23, 'Nút áo bằng tre ép', 200, '2024-12-17', 3, 0, 'Nút áo làm từ tre ép, thân thiện môi trường', 1, 23, 23, NULL),
(24, 'Nút áo vải dệt cao cấp', 150, '2024-12-18', 3, 0, 'Nút áo vải dệt, họa tiết thêu độc đáo', 1, 24, 24, NULL),
(25, 'Nút áo hợp kim chống gỉ', 90, '2024-12-19', 3, 0, 'Hợp kim chống gỉ, lý tưởng cho thời trang cao cấp', 1, 25, 25, NULL),
(26, 'Nút áo gỗ sồi tự nhiên', 75, '2024-12-20', 3, 0, 'Nút áo làm từ gỗ sồi, kiểu dáng thanh lịch', 1, 26, 26, NULL),
(27, 'Nút áo nhựa trong suốt', 140, '2024-12-21', 3, 0, 'Chất liệu nhựa trong suốt, phù hợp với nhiều loại vải', 1, 27, 27, NULL),
(28, 'Nút áo kim loại phủ sơn', 180, '2024-12-22', 3, 0, 'Kim loại phủ sơn chống gỉ, màu sắc bền đẹp', 1, 28, 28, NULL),
(29, 'Nút áo vải tái chế', 130, '2024-12-23', 3, 0, 'Nút áo từ vải tái chế, bảo vệ môi trường', 1, 29, 29, NULL),
(30, 'Nút áo bọc da cao cấp', 60, '2024-12-24', 3, 0, 'Nút áo được bọc da, sang trọng và bền bỉ', 1, 30, 30, NULL),
(31, 'Nút áo dập nổi họa tiết', 100, '2024-12-25', 3, 0, 'Chất liệu kim loại, họa tiết dập nổi tinh xảo', 1, 31, 31, NULL),
(32, 'Nút áo gỗ ghép thủ công', 85, '2024-12-26', 3, 0, 'Gỗ ghép thủ công, tạo họa tiết tự nhiên', 1, 32, 32, NULL),
(33, 'Nút áo composite bền đẹp', 120, '2024-12-27', 3, 0, 'Chất liệu composite, bền đẹp với thời gian', 1, 33, 33, NULL),
(34, 'Nút áo hợp kim nhôm nhẹ', 70, '2024-12-28', 3, 0, 'Hợp kim nhôm nhẹ, kiểu dáng hiện đại', 1, 34, 34, NULL),
(35, 'Nút áo sứ tráng men', 45, '2024-12-29', 3, 0, 'Nút áo sứ, lớp men bền đẹp, sang trọng', 1, 35, 35, NULL),
(36, 'Nút áo thép không gỉ', 110, '2024-12-30', 3, 0, 'Thép không gỉ, chịu được mọi điều kiện thời tiết', 1, 36, 36, NULL),
(37, 'Nút áo đồng cổ điển', 95, '2025-01-01', 3, 0, 'Đồng cổ điển, thiết kế vintage', 1, 37, 37, NULL),
(38, 'Nút áo nhôm anod hóa', 130, '2025-01-02', 3, 0, 'Nhôm anod hóa, bề mặt mịn và sáng bóng', 1, 38, 38, NULL),
(39, 'Nút áo từ bã mía tái chế', 125, '2025-01-03', 3, 0, 'Sản phẩm thân thiện với môi trường từ bã mía', 1, 39, 39, NULL),
(40, 'Nút áo carbon siêu nhẹ', 50, '2025-01-04', 3, 0, 'Carbon siêu nhẹ, độ bền vượt trội', 1, 40, 40, NULL),
(41, 'Nút áo phủ silicon chống trơn', 150, '2025-01-05', 3, 0, 'Chất liệu phủ silicon, chống trơn trượt', 1, 41, 41, NULL),
(42, 'Nút áo thép mạ vàng', 35, '2025-01-06', 3, 0, 'Thép mạ vàng, sang trọng, bền bỉ', 1, 42, 42, NULL),
(43, 'Nút áo gỗ dừa', 60, '2025-01-07', 3, 0, 'Gỗ dừa tự nhiên, thiết kế độc đáo', 1, 43, 43, NULL),
(44, 'Nút áo da nhân tạo', 200, '2025-01-08', 3, 0, 'Chất liệu da nhân tạo, phù hợp cho áo khoác', 1, 44, 44, NULL),
(45, 'Nút áo thêu tay', 80, '2025-01-09', 3, 0, 'Vải thêu tay thủ công, mang phong cách nghệ thuật', 1, 45, 45, NULL),
(46, 'Nút áo gỗ mun tự nhiên', 70, '2025-01-10', 3, 0, 'Gỗ mun, độ bền cao, màu sắc đẹp tự nhiên', 1, 46, 46, NULL),
(47, 'Nút áo composite phủ mờ', 100, '2025-01-11', 3, 0, 'Composite phủ mờ, kiểu dáng hiện đại', 1, 47, 47, NULL),
(48, 'Nút áo vải đính cườm', 90, '2025-01-12', 3, 0, 'Vải đính cườm, phù hợp thời trang cao cấp', 1, 48, 48, NULL),
(49, 'Nút áo hợp kim titan', 40, '2025-01-13', 3, 0, 'Hợp kim titan, độ bền cao và siêu nhẹ', 1, 49, 49, NULL),
(50, 'Nút áo sứ họa tiết thủ công', 55, '2025-01-14', 3, 0, 'Sứ họa tiết thủ công, mang đậm phong cách truyền thống', 1, 50, 50, NULL),
(51, 'Dây kéo kim loại vàng', 120, '2024-12-15', 4, 0, 'Dây kéo kim loại màu vàng, bền và sang trọng', 1, 51, 51, NULL),
(52, 'Dây kéo nhựa trong', 150, '2024-12-16', 4, 0, 'Dây kéo nhựa trong suốt, nhẹ và bền', 1, 52, 52, NULL),
(53, 'Dây kéo thép không gỉ', 100, '2024-12-17', 4, 0, 'Dây kéo thép không gỉ, chống rỉ sét và bền lâu', 1, 53, 53, NULL),
(54, 'Dây kéo cao su', 130, '2024-12-18', 4, 0, 'Dây kéo cao su, dẻo dai và dễ sử dụng', 1, 54, 54, NULL),
(55, 'Dây kéo nhôm bạc', 140, '2024-12-19', 4, 0, 'Dây kéo nhôm màu bạc, thiết kế chắc chắn', 1, 55, 55, NULL),
(56, 'Dây kéo nylon đen', 110, '2024-12-20', 4, 0, 'Dây kéo nylon màu đen, bền và linh hoạt', 1, 56, 56, NULL),
(57, 'Dây kéo da thật', 90, '2024-12-21', 4, 0, 'Dây kéo bằng da thật, cao cấp và bền', 1, 57, 57, NULL),
(58, 'Dây kéo vải cotton', 160, '2024-12-22', 4, 0, 'Dây kéo vải cotton, mềm mại và chắc chắn', 1, 58, 58, NULL),
(59, 'Dây kéo nhựa PVC', 100, '2024-12-23', 4, 0, 'Dây kéo nhựa PVC, độ bền cao và dễ sử dụng', 1, 59, 59, NULL),
(60, 'Dây kéo polyester', 120, '2024-12-24', 4, 0, 'Dây kéo polyester, nhẹ và linh hoạt', 1, 60, 60, NULL),
(61, 'Dây kéo kim loại đen', 100, '2024-12-25', 4, 0, 'Dây kéo kim loại màu đen, chất lượng cao, bền bỉ', 1, 61, 61, NULL),
(62, 'Dây kéo nhựa trong suốt', 120, '2024-12-26', 4, 0, 'Dây kéo nhựa trong suốt, nhẹ và dễ sử dụng', 1, 62, 62, NULL),
(63, 'Dây kéo thép màu xám', 150, '2024-12-27', 4, 0, 'Dây kéo thép màu xám, chống rỉ sét', 1, 63, 63, NULL),
(64, 'Dây kéo nhựa PVC', 130, '2024-12-28', 4, 0, 'Dây kéo nhựa PVC, chịu lực tốt, bền bỉ', 1, 64, 64, NULL),
(65, 'Dây kéo da thật', 110, '2024-12-29', 4, 0, 'Dây kéo da thật, mềm mại và sang trọng', 1, 65, 65, NULL),
(66, 'Dây kéo vải cotton', 140, '2024-12-30', 4, 0, 'Dây kéo vải cotton, dễ sử dụng và bền', 1, 66, 66, NULL),
(67, 'Dây kéo nylon cứng', 120, '2024-12-31', 4, 0, 'Dây kéo nylon cứng, dẻo dai và chắc chắn', 1, 67, 67, NULL),
(68, 'Dây kéo nhôm', 100, '2024-12-01', 4, 0, 'Dây kéo nhôm bền, chắc chắn, không bị gỉ', 1, 68, 68, NULL),
(69, 'Dây kéo thép không gỉ', 150, '2024-12-02', 4, 0, 'Dây kéo thép không gỉ, bền và chống ăn mòn', 1, 69, 69, NULL),
(70, 'Dây kéo polyester', 110, '2024-12-03', 4, 0, 'Dây kéo polyester, chắc chắn và linh hoạt', 1, 70, 70, NULL),
(71, 'Dây kéo kim loại vàng', 150, '2024-12-10', 4, 0, 'Dây kéo kim loại màu vàng, chắc chắn và bền bỉ', 1, 71, 71, NULL),
(72, 'Dây kéo nhựa màu xanh', 130, '2024-12-11', 4, 0, 'Dây kéo nhựa màu xanh, nhẹ và dễ sử dụng', 1, 72, 72, NULL),
(73, 'Dây kéo thép màu trắng', 100, '2024-12-12', 4, 0, 'Dây kéo thép màu trắng, chống rỉ sét và bền', 1, 73, 73, NULL),
(74, 'Dây kéo vải dù', 140, '2024-12-13', 4, 0, 'Dây kéo vải dù, chắc chắn và bền với thời gian', 1, 74, 74, NULL),
(75, 'Dây kéo polyester', 120, '2024-12-14', 4, 0, 'Dây kéo polyester, dễ sử dụng và bền bỉ', 1, 75, 75, NULL),
(76, 'Dây kéo nhôm anodized', 110, '2024-12-15', 4, 0, 'Dây kéo nhôm anodized, không bị ăn mòn', 1, 76, 76, NULL),
(77, 'Dây kéo thép cứng', 150, '2024-12-16', 4, 0, 'Dây kéo thép cứng, chất lượng cao và chắc chắn', 1, 77, 77, NULL),
(78, 'Dây kéo nhựa PVC bền', 130, '2024-12-17', 4, 0, 'Dây kéo nhựa PVC bền, dễ sử dụng và chắc chắn', 1, 78, 78, NULL),
(79, 'Dây kéo vải canvas', 100, '2024-12-18', 4, 0, 'Dây kéo vải canvas, mềm mại và bền', 1, 79, 79, NULL),
(80, 'Dây kéo nhựa silicone', 140, '2024-12-19', 4, 0, 'Dây kéo nhựa silicone, linh hoạt và bền bỉ', 1, 80, 80, NULL);

/*!40103 SET TIME_ZONE=IFNULL(@OLD_TIME_ZONE, 'system') */;
/*!40101 SET SQL_MODE=IFNULL(@OLD_SQL_MODE, '') */;
/*!40014 SET FOREIGN_KEY_CHECKS=IFNULL(@OLD_FOREIGN_KEY_CHECKS, 1) */;
/*!40101 SET CHARACTER_SET_CLIENT=@OLD_CHARACTER_SET_CLIENT */;
/*!40111 SET SQL_NOTES=IFNULL(@OLD_SQL_NOTES, 1) */;
-- --------------------------------------------------------
-- Host:                         127.0.0.1
-- Server version:               10.4.32-MariaDB - mariadb.org binary distribution
-- Server OS:                    Win64
-- HeidiSQL Version:             12.8.0.6908
-- --------------------------------------------------------

/*!40101 SET @OLD_CHARACTER_SET_CLIENT=@@CHARACTER_SET_CLIENT */;
/*!40101 SET NAMES utf8 */;
/*!50503 SET NAMES utf8mb4 */;
/*!40103 SET @OLD_TIME_ZONE=@@TIME_ZONE */;
/*!40103 SET TIME_ZONE='+00:00' */;
/*!40014 SET @OLD_FOREIGN_KEY_CHECKS=@@FOREIGN_KEY_CHECKS, FOREIGN_KEY_CHECKS=0 */;
/*!40101 SET @OLD_SQL_MODE=@@SQL_MODE, SQL_MODE='NO_AUTO_VALUE_ON_ZERO' */;
/*!40111 SET @OLD_SQL_NOTES=@@SQL_NOTES, SQL_NOTES=0 */;

-- Dumping data for table project_web.technical_information: ~80 rows (approximately)
INSERT INTO `technical_information` (`id`, `specifications`, `manufactureDate`) VALUES
(1, 'Chất liệu: Gỗ, Kiểu dáng tròn cổ điển, Phù hợp cho áo sơ mi', '2024-01-01'),
(2, 'Chất liệu: Nhựa, Độ bền cao, Chống vỡ khi sử dụng', '2024-01-02'),
(3, 'Chất liệu: Kim loại, Kích thước nhỏ, Phong cách tối giản', '2024-01-03'),
(4, 'Chất liệu: Gỗ, Chạm khắc thủ công, Thiết kế độc đáo', '2024-01-04'),
(5, 'Chất liệu: Nhựa, Bề mặt mịn, Lý tưởng cho áo thun', '2024-01-05'),
(6, 'Chất liệu: Vải, Nhẹ, Phù hợp cho thời trang mùa hè', '2024-01-06'),
(7, 'Chất liệu: Kim loại, Kích thước lớn, Thích hợp cho áo khoác', '2024-01-07'),
(8, 'Chất liệu: Gỗ tự nhiên, Không qua xử lý hóa chất, Thân thiện môi trường', '2024-01-08'),
(9, 'Chất liệu: Nhựa, Thiết kế trong suốt, Mang lại vẻ tinh tế', '2024-01-09'),
(10, 'Chất liệu: Kim loại, Có họa tiết, Phong cách cổ điển', '2024-01-10'),
(11, 'Cơ chế: Nam châm, Không cần khuy cài, Tiện lợi', '2024-01-11'),
(12, 'Chất liệu: Gỗ ép, Giá thành thấp, Bền và chắc chắn', '2024-01-12'),
(13, 'Chất liệu: Nhựa, Siêu nhẹ, Dễ dàng sử dụng', '2024-01-13'),
(14, 'Chất liệu: Vải, Họa tiết thêu tay, Tinh xảo và độc nhất', '2024-01-14'),
(15, 'Chất liệu: Gỗ ghép, Tạo họa tiết đặc biệt, Sáng tạo', '2024-01-15'),
(16, 'Chất liệu: Kim loại, Lớp phủ chống gỉ, Độ bền cao', '2024-01-16'),
(17, 'Chất liệu: Nhựa tái chế, Độ bền tốt, Bảo vệ môi trường', '2024-01-17'),
(18, 'Chất liệu: Gỗ, Bề mặt sơn bóng, Mang lại vẻ cao cấp', '2024-01-18'),
(19, 'Chất liệu: Kim loại, Đính đá, Sang trọng và nổi bật', '2024-01-19'),
(20, 'Chất liệu: Sừng tự nhiên, Thủ công, Phong cách quý phái', '2024-01-20'),
(21, 'Nhựa chịu lực, chịu nhiệt độ cao', '2024-06-01'),
(22, 'Sừng tự nhiên, được xử lý kháng khuẩn', '2024-06-02'),
(23, 'Tre ép, chống cong vênh', '2024-06-03'),
(24, 'Vải dệt, không nhăn', '2024-06-04'),
(25, 'Hợp kim chống gỉ, độ bền cao', '2024-06-05'),
(26, 'Gỗ sồi tự nhiên, sơn phủ bóng', '2024-06-06'),
(27, 'Nhựa trong suốt, không ố màu', '2024-06-07'),
(28, 'Kim loại phủ sơn tĩnh điện', '2024-06-08'),
(29, 'Vải tái chế, bền và thân thiện môi trường', '2024-06-09'),
(30, 'Da cao cấp, chống nứt gãy', '2024-06-10'),
(31, 'Kim loại dập nổi, chống mài mòn', '2024-06-11'),
(32, 'Gỗ ghép, xử lý chống mối mọt', '2024-06-12'),
(33, 'Composite, độ bền vượt trội', '2024-06-13'),
(34, 'Hợp kim nhôm, siêu nhẹ', '2024-06-14'),
(35, 'Sứ tráng men, chịu lực tốt', '2024-06-15'),
(36, 'Thép không gỉ, không từ tính', '2024-06-16'),
(37, 'Đồng cổ điển, bảo vệ chống oxy hóa', '2024-06-17'),
(38, 'Nhôm anod hóa, độ bền cao', '2024-06-18'),
(39, 'Bã mía tái chế, thân thiện môi trường', '2024-06-19'),
(40, 'Carbon siêu nhẹ, chống trầy xước', '2024-06-20'),
(41, 'Phủ silicon, chống trơn', '2024-06-21'),
(42, 'Thép mạ vàng, bền đẹp', '2024-06-22'),
(43, 'Gỗ dừa tự nhiên, không cong vênh', '2024-06-23'),
(44, 'Da nhân tạo, giá thành rẻ', '2024-06-24'),
(45, 'Thêu tay, sản phẩm thủ công độc đáo', '2024-06-25'),
(46, 'Gỗ mun tự nhiên, độ bền cao', '2024-06-26'),
(47, 'Composite phủ mờ, bề mặt tinh tế', '2024-06-27'),
(48, 'Vải đính cườm, nghệ thuật độc đáo', '2024-06-28'),
(49, 'Titan, trọng lượng nhẹ, chịu lực cao', '2024-06-29'),
(50, 'Sứ họa tiết, phong cách cổ điển', '2024-06-30'),
(51, 'Chất liệu: Kim loại, Bền bỉ và dễ sử dụng', '2024-01-01'),
(52, 'Chất liệu: Nhựa trong, Chắc chắn và nhẹ', '2024-01-01'),
(53, 'Chất liệu: Thép không gỉ, Bền lâu và chống rỉ', '2024-01-01'),
(54, 'Chất liệu: Cao su, Dẻo dai và bền', '2024-01-01'),
(55, 'Chất liệu: Nhôm, Bền và chống ăn mòn', '2024-01-01'),
(56, 'Chất liệu: Nylon, Mềm mại và bền', '2024-01-01'),
(57, 'Chất liệu: Da thật, Cao cấp và sang trọng', '2024-01-01'),
(58, 'Chất liệu: Vải cotton, Mềm mại và dễ chịu', '2024-01-01'),
(59, 'Chất liệu: PVC, Bền và dễ bảo quản', '2024-01-01'),
(60, 'Chất liệu: Polyester, Dẻo dai và linh hoạt', '2024-01-01'),
(61, 'Chất liệu: Kim loại, Bền bỉ và chắc chắn', '2024-01-01'),
(62, 'Chất liệu: Nhựa, Trong suốt và dễ sử dụng', '2024-01-01'),
(63, 'Chất liệu: Thép, Chống ăn mòn và bền', '2024-01-01'),
(64, 'Chất liệu: PVC, Dễ sử dụng và bền', '2024-01-01'),
(65, 'Chất liệu: Da thật, Cao cấp và bền', '2024-01-01'),
(66, 'Chất liệu: Vải cotton, Bền và mềm mại', '2024-01-01'),
(67, 'Chất liệu: Nylon, Dẻo dai và bền', '2024-01-01'),
(68, 'Chất liệu: Nhôm, Chắc chắn và không bị gỉ', '2024-01-01'),
(69, 'Chất liệu: Thép không gỉ, Chống ăn mòn và bền', '2024-01-01'),
(70, 'Chất liệu: Polyester, Chắc chắn và linh hoạt', '2024-01-01'),
(71, 'Chất liệu: Kim loại, Bền bỉ và chắc chắn', '2024-01-01'),
(72, 'Chất liệu: Nhựa, Nhẹ và dễ sử dụng', '2024-01-01'),
(73, 'Chất liệu: Thép, Chống ăn mòn và bền', '2024-01-01'),
(74, 'Chất liệu: Vải dù, Chắc chắn và bền', '2024-01-01'),
(75, 'Chất liệu: Polyester, Dễ sử dụng và bền bỉ', '2024-01-01'),
(76, 'Chất liệu: Nhôm, Không bị ăn mòn và chắc chắn', '2024-01-01'),
(77, 'Chất liệu: Thép, Chất lượng cao và bền', '2024-01-01'),
(78, 'Chất liệu: Nhựa PVC, Bền và chắc chắn', '2024-01-01'),
(79, 'Chất liệu: Vải canvas, Mềm mại và bền', '2024-01-01'),
(80, 'Chất liệu: Nhựa silicone, Linh hoạt và bền bỉ', '2024-01-01');

/*!40103 SET TIME_ZONE=IFNULL(@OLD_TIME_ZONE, 'system') */;
/*!40101 SET SQL_MODE=IFNULL(@OLD_SQL_MODE, '') */;
/*!40014 SET FOREIGN_KEY_CHECKS=IFNULL(@OLD_FOREIGN_KEY_CHECKS, 1) */;
/*!40101 SET CHARACTER_SET_CLIENT=@OLD_CHARACTER_SET_CLIENT */;
/*!40111 SET SQL_NOTES=IFNULL(@OLD_SQL_NOTES, 1) */;

-- --------------------------------------------------------
-- Host:                         127.0.0.1
-- Server version:               10.4.32-MariaDB - mariadb.org binary distribution
-- Server OS:                    Win64
-- HeidiSQL Version:             12.8.0.6908
-- --------------------------------------------------------

/*!40101 SET @OLD_CHARACTER_SET_CLIENT=@@CHARACTER_SET_CLIENT */;
/*!40101 SET NAMES utf8 */;
/*!50503 SET NAMES utf8mb4 */;
/*!40103 SET @OLD_TIME_ZONE=@@TIME_ZONE */;
/*!40103 SET TIME_ZONE='+00:00' */;
/*!40014 SET @OLD_FOREIGN_KEY_CHECKS=@@FOREIGN_KEY_CHECKS, FOREIGN_KEY_CHECKS=0 */;
/*!40101 SET @OLD_SQL_MODE=@@SQL_MODE, SQL_MODE='NO_AUTO_VALUE_ON_ZERO' */;
/*!40111 SET @OLD_SQL_NOTES=@@SQL_NOTES, SQL_NOTES=0 */;

-- Dumping data for table project_web.prices: ~80 rows (approximately)
INSERT INTO `prices` (`id`, `price`, `discountPercent`) VALUES
(1, 5000.00, 10.00),
(2, 2000.00, 5.00),
(3, 30000.00, 15.00),
(4, 50000.00, 20.00),
(5, 15000.00, 5.00),
(6, 25000.00, 10.00),
(7, 50000.00, 25.00),
(8, 35000.00, 10.00),
(9, 10000.00, 5.00),
(10, 45000.00, 15.00),
(11, 50000.00, 30.00),
(12, 12000.00, 0.00),
(13, 18000.00, 10.00),
(14, 45000.00, 20.00),
(15, 40000.00, 10.00),
(16, 50000.00, 25.00),
(17, 30000.00, 5.00),
(18, 45000.00, 15.00),
(19, 50000.00, 20.00),
(20, 50000.00, 30.00),
(21, 40000.00, 10.00),
(22, 50000.00, 5.00),
(23, 30000.00, 0.00),
(24, 50000.00, 15.00),
(25, 50000.00, 20.00),
(26, 50000.00, 10.00),
(27, 45000.00, 0.00),
(28, 50000.00, 25.00),
(29, 45000.00, 5.00),
(30, 30000.00, 30.00),
(31, 45000.00, 10.00),
(32, 50000.00, 15.00),
(33, 30000.00, 0.00),
(34, 50000.00, 5.00),
(35, 50000.00, 20.00),
(36, 45000.00, 15.00),
(37, 50000.00, 10.00),
(38, 45000.00, 5.00),
(39, 45000.00, 0.00),
(40, 30000.00, 25.00),
(41, 50000.00, 30.00),
(42, 40000.00, 20.00),
(43, 40000.00, 0.00),
(44, 30000.00, 15.00),
(45, 50000.00, 10.00),
(46, 45000.00, 5.00),
(47, 50000.00, 20.00),
(48, 50000.00, 15.00),
(49, 50000.00, 10.00),
(50, 40000.00, 25.00),
(51, 30000.00, 14.00),
(52, 20000.00, 12.00),
(53, 10000.00, 0.00),
(54, 20000.00, 10.00),
(55, 23000.00, 20.00),
(56, 12000.00, 10.00),
(57, 22000.00, 9.90),
(58, 12000.00, 8.00),
(59, 20000.00, 5.00),
(60, 40000.00, 30.00),
(61, 60000.00, 10.00),
(62, 35000.00, 5.00),
(63, 70000.00, 15.00),
(64, 45000.00, 0.00),
(65, 55000.00, 20.00),
(66, 30000.00, 10.00),
(67, 80000.00, 25.00),
(68, 25000.00, 0.00),
(69, 65000.00, 10.00),
(70, 45000.00, 5.00),
(71, 65000.00, 10.00),
(72, 40000.00, 5.00),
(73, 75000.00, 15.00),
(74, 50000.00, 0.00),
(75, 40000.00, 20.00),
(76, 85000.00, 25.00),
(77, 70000.00, 10.00),
(78, 45000.00, 0.00),
(79, 35000.00, 10.00),
(80, 50000.00, 5.00);

/*!40103 SET TIME_ZONE=IFNULL(@OLD_TIME_ZONE, 'system') */;
/*!40101 SET SQL_MODE=IFNULL(@OLD_SQL_MODE, '') */;
/*!40014 SET FOREIGN_KEY_CHECKS=IFNULL(@OLD_FOREIGN_KEY_CHECKS, 1) */;
/*!40101 SET CHARACTER_SET_CLIENT=@OLD_CHARACTER_SET_CLIENT */;
/*!40111 SET SQL_NOTES=IFNULL(@OLD_SQL_NOTES, 1) */;

-- --------------------------------------------------------
-- Host:                         127.0.0.1
-- Server version:               10.4.32-MariaDB - mariadb.org binary distribution
-- Server OS:                    Win64
-- HeidiSQL Version:             12.8.0.6908
-- --------------------------------------------------------

/*!40101 SET @OLD_CHARACTER_SET_CLIENT=@@CHARACTER_SET_CLIENT */;
/*!40101 SET NAMES utf8 */;
/*!50503 SET NAMES utf8mb4 */;
/*!40103 SET @OLD_TIME_ZONE=@@TIME_ZONE */;
/*!40103 SET TIME_ZONE='+00:00' */;
/*!40014 SET @OLD_FOREIGN_KEY_CHECKS=@@FOREIGN_KEY_CHECKS, FOREIGN_KEY_CHECKS=0 */;
/*!40101 SET @OLD_SQL_MODE=@@SQL_MODE, SQL_MODE='NO_AUTO_VALUE_ON_ZERO' */;
/*!40111 SET @OLD_SQL_NOTES=@@SQL_NOTES, SQL_NOTES=0 */;

-- Dumping data for table project_web.styles: ~213 rows (approximately)
INSERT INTO `styles` (`id`, `id_product`, `name`, `image`, `quantity`) VALUES
 (1, 1, 'Đỏ', '', 20),
 (2, 1, 'Xanh lá', '', 30),
 (3, 1, 'Xanh dương', '', 25),
 (4, 1, 'Vàng', '', 25),
 (5, 2, 'Đen', '', 40),
 (6, 2, 'Trắng', '', 35),
 (7, 2, 'Nâu', '', 30),
 (8, 2, 'Xám', '', 25),
 (9, 3, 'Cam', '', 20),
 (10, 3, 'Tím', '', 25),
 (11, 3, 'Hồng', '', 20),
 (12, 3, 'Xanh biển', '', 35),
 (13, 4, 'Vàng nhạt', '', 30),
 (14, 4, 'Đỏ đô', '', 25),
 (15, 4, 'Xanh đậm', '', 20),
 (16, 4, 'Trắng sữa', '', 25),
 (17, 5, 'Nâu đất', '', 20),
 (18, 5, 'Xanh ngọc', '', 25),
 (19, 5, 'Đỏ gạch', '', 30),
 (20, 5, 'Xanh pastel', '', 35),
 (21, 6, 'Hồng nhạt', '', 20),
 (22, 6, 'Xanh olive', '', 25),
 (23, 6, 'Xám đậm', '', 25),
 (24, 6, 'Vàng đồng', '', 30),
 (25, 7, 'Xanh trời', '', 20),
 (26, 7, 'Đen tuyền', '', 35),
 (27, 7, 'Xanh rêu', '', 30),
 (28, 7, 'Hồng đào', '', 25),
 (29, 8, 'Nâu sáng', '', 40),
 (30, 8, 'Trắng kem', '', 35),
 (31, 8, 'Xanh lá mạ', '', 30),
 (32, 8, 'Đỏ cherry', '', 25),
 (33, 9, 'Cam sáng', '', 20),
 (34, 9, 'Xám khói', '', 25),
 (35, 9, 'Xanh cổ vịt', '', 30),
 (36, 9, 'Tím nhạt', '', 25),
 (37, 10, 'Đỏ ánh kim', '', 20),
 (38, 10, 'Xanh sapphire', '', 30),
 (39, 10, 'Nâu đồng', '', 35),
 (40, 10, 'Trắng bạch kim', '', 25),
 (41, 11, 'Xanh cốm', '', 30),
 (42, 11, 'Đỏ ruby', '', 20),
 (43, 11, 'Hồng phấn', '', 25),
 (44, 11, 'Trắng tuyết', '', 20),
 (45, 12, 'Vàng nắng', '', 35),
 (46, 12, 'Xanh lá cây', '', 25),
 (47, 12, 'Tím hoa cà', '', 20),
 (48, 12, 'Nâu cà phê', '', 30),
 (49, 13, 'Xám bạc', '', 25),
 (50, 13, 'Đen ánh than', '', 20),
 (51, 13, 'Vàng đất', '', 35),
 (52, 13, 'Xanh ngọc lục bảo', '', 25),
 (53, 14, 'Cam cháy', '', 20),
 (54, 14, 'Tím than', '', 25),
 (55, 14, 'Xanh lam', '', 30),
 (56, 14, 'Đỏ thẫm', '', 35),
 (57, 15, 'Hồng san hô', '', 20),
 (58, 15, 'Xanh lá mạ', '', 30),
 (59, 15, 'Nâu đỏ', '', 25),
 (60, 15, 'Xám nhạt', '', 35),
 (61, 16, 'Vàng nghệ', '', 20),
 (62, 16, 'Tím pastel', '', 25),
 (63, 16, 'Xanh xám', '', 30),
 (64, 16, 'Hồng đào nhạt', '', 25),
 (65, 17, 'Xanh biển đậm', '', 20),
 (66, 17, 'Đen nhung', '', 25),
 (67, 17, 'Vàng cam', '', 30),
 (68, 17, 'Nâu vàng', '', 25),
 (69, 18, 'Xanh bạc hà', '', 20),
 (70, 18, 'Hồng tím', '', 25),
 (71, 18, 'Xám lông chuột', '', 30),
 (72, 18, 'Đỏ mận', '', 25),
 (73, 19, 'Tím đỏ', '', 20),
 (74, 19, 'Xanh lá rêu', '', 25),
 (75, 19, 'Vàng ánh kim', '', 30),
 (76, 19, 'Trắng ngọc trai', '', 35),
 (77, 20, 'Xanh trời sáng', '', 25),
 (78, 20, 'Hồng thạch anh', '', 20),
 (79, 20, 'Cam sữa', '', 30),
 (80, 20, 'Xám tro', '', 35),
 (81, 21, 'Đỏ ánh cam', '', 20),
 (82, 21, 'Xanh dương nhạt', '', 25),
 (83, 22, 'Tím đỏ', '', 30),
 (84, 22, 'Vàng kim loại', '', 20),
 (85, 23, 'Xanh lam đậm', '', 25),
 (86, 23, 'Hồng nhạt', '', 30),
 (87, 24, 'Đen mờ', '', 35),
 (88, 24, 'Trắng kem', '', 20),
 (89, 25, 'Nâu gỗ', '', 25),
 (90, 25, 'Xanh lá non', '', 30),
 (91, 26, 'Cam đất', '', 20),
 (92, 26, 'Tím hồng', '', 25),
 (93, 27, 'Xám ánh kim', '', 30),
 (94, 27, 'Vàng nâu', '', 20),
 (95, 28, 'Xanh cổ vịt', '', 25),
 (96, 28, 'Hồng phấn', '', 30),
 (97, 29, 'Đỏ tươi', '', 20),
 (98, 29, 'Xanh pastel', '', 25),
 (99, 30, 'Xám đậm', '', 30),
 (100, 30, 'Trắng tuyết', '', 25),
 (101, 31, 'Đỏ tươi', '', 25),
 (102, 31, 'Xanh biển', '', 30),
 (103, 31, 'Vàng chanh', '', 20),
 (104, 32, 'Xanh dương', '', 30),
 (105, 32, 'Tím đậm', '', 25),
 (106, 32, 'Cam sáng', '', 20),
 (107, 33, 'Xanh rêu', '', 25),
 (108, 33, 'Nâu vàng', '', 30),
 (109, 33, 'Vàng nhạt', '', 20),
 (110, 34, 'Đen', '', 35),
 (111, 34, 'Xám xanh', '', 25),
 (112, 34, 'Trắng', '', 20),
 (113, 35, 'Đỏ nâu', '', 30),
 (114, 35, 'Vàng nghệ', '', 25),
 (115, 35, 'Hồng đậm', '', 20),
 (116, 36, 'Tím hoa oải hương', '', 25),
 (117, 36, 'Xanh lá cây', '', 30),
 (118, 36, 'Vàng sẫm', '', 20),
 (119, 37, 'Cam đất', '', 20),
 (120, 37, 'Xanh cổ vịt', '', 30),
 (121, 37, 'Hồng nhạt', '', 25),
 (122, 38, 'Xanh bạc hà', '', 25),
 (123, 38, 'Vàng nhạt', '', 30),
 (124, 38, 'Đen ánh kim', '', 20),
 (125, 39, 'Nâu đất', '', 30),
 (126, 39, 'Xanh đen', '', 25),
 (127, 39, 'Trắng bạc', '', 20),
 (128, 40, 'Xanh dương nhạt', '', 25),
 (129, 40, 'Hồng pastel', '', 30),
 (130, 40, 'Đỏ tươi', '', 20),
 (131, 41, 'Xanh rêu', '', 20),
 (132, 42, 'Đỏ rực', '', 25),
 (133, 42, 'Vàng kim', '', 30),
 (134, 43, 'Hồng ngọc', '', 20),
 (135, 43, 'Xám khói', '', 25),
 (136, 44, 'Nâu đồng', '', 30),
 (137, 44, 'Xanh bích', '', 25),
 (138, 44, 'Vàng nhạt', '', 20),
 (139, 45, 'Xanh lá mạ', '', 35),
 (140, 46, 'Trắng tuyết', '', 20),
 (141, 46, 'Xanh ngọc', '', 30),
 (142, 46, 'Đỏ ánh kim', '', 25),
 (143, 47, 'Tím lavender', '', 25),
 (144, 47, 'Xanh dương đậm', '', 20),
 (145, 48, 'Cam sẫm', '', 20),
 (146, 48, 'Vàng chanh', '', 25),
 (147, 48, 'Xanh dương nhạt', '', 30),
 (148, 49, 'Xanh đậm', '', 40),
 (149, 50, 'Nâu sữa', '', 25),
 (150, 50, 'Hồng pastel', '', 30),
 (151, 51, 'Vàng đồng', '', 40),
 (152, 51, 'Vàng kim', '', 50),
 (153, 51, 'Vàng sáng', '', 30),
 (154, 52, 'Trong suốt', '', 60),
 (155, 52, 'Màu xanh dương', '', 50),
 (156, 53, 'Bạc mờ', '', 40),
 (157, 53, 'Đen', '', 60),
 (158, 54, 'Đen', '', 40),
 (159, 54, 'Nâu', '', 50),
 (160, 54, 'Vàng', '', 40),
 (161, 55, 'Bạc sáng', '', 50),
 (162, 55, 'Đen', '', 40),
 (163, 56, 'Đen', '', 40),
 (164, 56, 'Xanh dương', '', 60),
 (165, 57, 'Nâu', '', 50),
 (166, 57, 'Vàng nhạt', '', 40),
 (167, 58, 'Trắng', '', 70),
 (168, 58, 'Vàng', '', 60),
 (169, 59, 'Trắng', '', 50),
 (170, 59, 'Đen', '', 40),
 (171, 60, 'Xám', '', 50),
 (172, 60, 'Đen', '', 50),
 (173, 61, 'Màu đen', '', 50),
 (174, 61, 'Màu xám', '', 40),
 (175, 62, 'Màu xanh dương', '', 60),
 (176, 62, 'Màu trắng', '', 50),
 (177, 63, 'Màu bạc', '', 50),
 (178, 63, 'Màu đen', '', 60),
 (179, 64, 'Màu đỏ', '', 50),
 (180, 64, 'Màu vàng', '', 70),
 (181, 65, 'Màu vàng', '', 60),
 (182, 65, 'Màu cam', '', 40),
 (183, 65, 'Màu nâu', '', 50),
 (184, 66, 'Màu xanh lá', '', 60),
 (185, 66, 'Màu xám', '', 40),
 (186, 67, 'Màu xám', '', 80),
 (187, 67, 'Màu đen', '', 60),
 (188, 68, 'Màu nâu', '', 70),
 (189, 68, 'Màu đỏ', '', 50),
 (190, 69, 'Màu trắng', '', 90),
 (191, 69, 'Màu bạc', '', 40),
 (192, 70, 'Màu cam', '', 60),
 (193, 70, 'Màu tím', '', 50),
 (194, 71, 'Màu tím', '', 60),
 (195, 71, 'Màu hồng', '', 40),
 (196, 72, 'Màu hồng', '', 50),
 (197, 72, 'Màu vàng đồng', '', 70),
 (198, 73, 'Màu vàng đồng', '', 60),
 (199, 73, 'Màu bạc ánh kim', '', 50),
 (200, 74, 'Màu bạc ánh kim', '', 50),
 (201, 74, 'Màu đen', '', 70),
 (202, 75, 'Màu đỏ tươi', '', 60),
 (203, 75, 'Màu xanh dương', '', 40),
 (204, 76, 'Màu xanh dương đậm', '', 50),
 (205, 76, 'Màu nâu sáng', '', 60),
 (206, 77, 'Màu nâu sáng', '', 80),
 (207, 77, 'Màu xanh lá', '', 40),
 (208, 78, 'Màu xanh ngọc', '', 70),
 (209, 78, 'Màu bạc', '', 50),
 (210, 79, 'Màu đen nhám', '', 90),
 (211, 79, 'Màu trắng', '', 40),
 (212, 80, 'Màu bạc nhám', '', 50),
 (213, 80, 'Màu xám', '', 60);

/*!40103 SET TIME_ZONE=IFNULL(@OLD_TIME_ZONE, 'system') */;
/*!40101 SET SQL_MODE=IFNULL(@OLD_SQL_MODE, '') */;
/*!40014 SET FOREIGN_KEY_CHECKS=IFNULL(@OLD_FOREIGN_KEY_CHECKS, 1) */;
/*!40101 SET CHARACTER_SET_CLIENT=@OLD_CHARACTER_SET_CLIENT */;
/*!40111 SET SQL_NOTES=IFNULL(@OLD_SQL_NOTES, 1) */;


